{
  "version": 2,
  "builds": [
    {
      "src": "server.js",
      "use": "@vercel/node"
    }
  ],
  "rewrites": [
    {
      "source": "/api/(.*)",
      "destination": "/server.js"
    },
    {
      "source": "/(.*)",
      "destination": "/server.js"
    }
  ],
  "headers": [
    {
      "source": "/(.*)",
      "headers": [
        { "key": "Access-Control-Allow-Origin", "value": "*" },
        { "key": "Access-Control-Allow-Methods", "value": "GET,POST,PUT,DELETE,OPTIONS,HEAD" },
        { "key": "Access-Control-Allow-Headers", "value": "X-Requested-With, Content-Type, Authorization" },
        { "key": "Access-Control-Allow-Credentials", "value": "true" }
      ]
    }
  ]
}